"size","base","dplyr","ratio"
"1d4",4211272,4911541.5,0.857423682564832
"1d5",59249822,67822392.5,0.873602652693209
