"origin","n","freq"
"EWR",2,0.666666666666667
"JFK",1,0.333333333333333
