"round","var1","var2","nam","val"
"round1",22,33,"foo",0.169122009770945
"round2",11,44,"foo",0.185708264587447
"round1",22,33,"bar",0.124105813913047
"round2",11,44,"bar",0.0325823465827852
