"nam","val_round1","val_round2","var1_round1","var1_round2","var2_round1","var2_round2"
"bar",0.124105813913047,0.0325823465827852,22,11,33,44
"foo",0.169122009770945,0.185708264587447,22,11,33,44
