"id","prod","clnt","order"
1,8,5,6.912931
3,2,6,5.119676
4,7,1,7.47201
2,8,4,7.345583
5,8,5,9.41205
