"ID","AvgLogFC"
"ID1",46.9
"ID2",181.777777777778
"ID24",1.66666666666667
"ID25",350
