"Day","Group","Average","SD"
0,"D",8900,924.2742
0,"HL",8760,2337.844
0,"LL",10000,1120.785
0,"noHKB",8030,1592.646
1.90625,"D",11900,2308.2661
1.90625,"HL",13300,1016.291
1.90625,"LL",12100,3581.763
1.90625,"noHKB",3860,1031.057
3,"D",7320,1308.0389
3,"HL",14500,2945.098
3,"LL",12300,4338.897
3,"noHKB",1750,1793.583
4,"D",9160,514.2177
4,"HL",16200,1006.893
4,"LL",15100,4362.261
4,"noHKB",2710,2691.648
