"source","Against_avg","For_avg"
"Activist",6.33333333333333,1.66666666666667
"Politician",5.33333333333333,2.66666666666667
