"Test","temperature_sensor1","temperature_sensor2","pressure_sensor1","pressure_sensor2"
1,22.518676406122,24.2357123328011,11.3466196002107,11.4896480546437
2,20.692461655186,22.5365583131556,11.7983248300336,7.680483400586
3,33.9460763705633,20.2426566964943,11.479348964028,9.82058911698263
4,24.1096342457407,26.4165454167115,8.25027867507175,13.8106146386319
5,26.5027135991007,28.5548235968949,9.92698583646076,10.5826177778022
6,27.1087955667443,31.8076789097829,11.5753172890226,7.20521427518979
