"ST","Rfips","zip","Year","dist.km"
"PA",42107,17972,2010,0
"VA",51760,23226,2005,42.46894
"RI",44001,2806,2010,28.11234
"NJ",34001,8330,2008,36.8547
"PA",51061,20118,2007,0
"VT",50023,5681,2006,49.72765
"NY",36029,14072,2005,0
"PA",42101,19115,2008,30.19372
"NC",37019,28451,2009,0
