"GeneID","pt.num","D","T","Ratio"
"A2M","1",18,50,0.36
"A2M","2",2,6,0.333333333333333
"ABL1","1",20,48,0.416666666666667
"ABL1","2",4,8,0.5
