"id","p1","p2","p3"
1,-0.7833568,0.6383588,1
2,-0.4073465,0.348086,1
1,0.2799414,-0.1938586,2
2,-1.3496633,-0.527108,2
1,-0.1030045,0.8642336,3
2,0.583907,-0.9723264,3
