"group_id","group_mean"
"0_0",1.38837977771612
"0_1",0.449031465215503
"1_1",-1.68959055812029
"2_1",0.666067890623477
