"vial_id","band","non_spec","reads"
1,1,1,-1.79062485052794
2,0,0,1.38837977771612
3,0,1,0.449031465215503
4,2,1,0.913795025288418
5,1,1,-1.58855626571263
6,2,1,0.418340755958537
