"vial_id","band","non_spec","reads"
1,1,0,-0.8454558
2,0,0,0.4625505
3,0,1,0.9198841
4,2,1,-0.2461294
5,1,2,1.1054014
6,2,2,-2.7919174
7,1,0,1.6561363
8,0,2,-0.6854583
9,1,1,0.5502632
10,1,2,1.152102
