"val","sumNew"
"A_1",1.21018393174745
"A_2",0.969994060462341
"B_1",0.407656505936757
"B_2",1.03292169212364
"C_1",1.20196740725078
"C_2",1.07494643749669
