"CatA","CatNum","SomeVal"
"A",1,0.2655086631421
"B",2,0.37212389963679
"C",1,0.572853363351896
"A",2,0.908207789994776
"B",1,0.201681931037456
"C",2,0.898389684967697
"A",1,0.944675268605351
"B",2,0.660797792486846
"C",1,0.62911404389888
"A",2,0.0617862704675645
"B",1,0.205974574899301
"C",2,0.176556752528995
